BBG 티커,영어 명칭,ISIN,CUSIP,SEDOLS,WKNs,RIC,Listing Date,Currency,Exchange,Management Fee
NVDG,Leverage Shares 2x Long NVDA Daily ETF,US8829276760,882927676,,,,2024-12-13 00:00:00,USD,US,0.0075
TSLG,Leverage Shares 2x Long TSLA Daily ETF,US8829276844,882927684,,,,2024-12-13 00:00:00,USD,US,0.0075
ARMG,Leverage Shares 2x Long ARM Daily ETF,US8829275770,882927577,,,,2025-01-14 00:00:00,USD,US,0.0075
ASMG,Leverage Shares 2x Long ASML Daily ETF,US8829276687,882927668,,,,2025-01-14 00:00:00,USD,US,0.0075
TSMG,Leverage Shares 2x Long TSM Daily ETF,US8829275853,882927585,,,,2025-01-14 00:00:00,USD,US,0.0075
AMDG,Leverage Shares 2x Long AMD Daily ETF,US8829276273,882927627,,,,2025-01-14 00:00:00,USD,US,0.0075
COIG,Leverage Shares 2x Long COIN Daily ETF,US8829276356,882927635,,,,2025-03-14 00:00:00,USD,US,0.0075
HOOG,Leverage Shares 2x Long HOOD Daily ETF,US8829274609,882927460,,,,2025-03-21 00:00:00,USD,US,0.0075
PANG,Leverage Shares 2x Long PANW Daily ETF,US8829274294,882927429,,,,2025-03-21 00:00:00,USD,US,0.0075
ADBG,Leverage Shares 2x Long ADBE Daily ETF,US8829273874,882927387,,,,2025-03-21 00:00:00,USD,US,0.0075
PYPG,Leverage Shares 2x Long PYPL Daily ETF,US8829274526,882927452,,,,2025-04-04 00:00:00,USD,US,0.0075
XYZG,Leverage Shares 2x Long XYZ Daily ETF,US8829274781,882927478,,,,2025-04-04 00:00:00,USD,US,0.0075
CRMG,Leverage Shares 2x Long CRM Daily ETF,US8829273387,882927338,,,,2025-04-04 00:00:00,USD,US,0.0075
PLTG,Leverage Shares 2x Long PLTR Daily ETF,US8829273957,882927395,,,,2025-04-25 00:00:00,USD,US,0.0075
AVGG,Leverage Shares 2x Long AVGO Daily ETF,US8829274377,882927437,,,,2025-05-16 00:00:00,USD,US,0.0075
RTXG,Leverage Shares 2x Long RTX Daily ETF,US8829274948,882927494,,,,2025-06-06 00:00:00,USD,US,0.0075
BOEG,Leverage Shares 2x Long BA Daily ETF,US8829276430,882927643,,,,2025-06-12 00:00:00,USD,US,0.0075
AALG,Leverage Shares 2x Long AAL Daily ETF,US8829273122,882927312,,,,2025-07-11 00:00:00,USD,US,0.0075
UNHG,Leverage Shares 2x Long UNH Daily ETF,US8829271225,882927122,,,,2025-07-22 00:00:00,USD,US,0.0075
CRCG,Leverage Shares 2x Long CRCL Daily ETF,US88340C7011,88340C701,,,,2025-08-11 00:00:00,USD,US,0.0075
CRWG,Leverage Shares 2x Long CRWV Daily ETF,US88340C8753,88340C875,,,,2025-08-11 00:00:00,USD,US,0.0075
BULG,Leverage Shares 2x Long BULL Daily ETF,US88340C8670,88340C867,,,,2025-08-11 00:00:00,USD,US,0.0075
BAIG,Leverage Shares 2x Long BBAI Daily ETF,US8829272702,882927270,,,,2025-08-21 00:00:00,USD,US,0.0075
GLGG,Leverage Shares 2x Long GLXY Daily ETF,US88340C8837,88340C883,,,,2025-08-21 00:00:00,USD,US,0.0075
COTG,Leverage Shares 2x Long COST Daily ETF,US8829272470,882927247,,,,2025-09-19 00:00:00,USD,US,0.0075
FIGG,Leverage Shares 2x Long FIG Daily ETF,US8829271639,882927163,,,,2025-10-14 00:00:00,USD,US,0.0075
FUTG,Leverage Shares 2x Long FUTU Daily ETF,US88340C8597,88340C859,,,,2025-10-14 00:00:00,USD,US,0.0075
BLSG,Leverage Shares 2x Long BLSH Daily ETF,US88340C8340,88340C834,,,,2025-10-27 00:00:00,USD,US,0.0075
BMNG,Leverage Shares 2x Long BMNR Daily ETF,US88340C6856,88340C685,,,,2025-10-27 00:00:00,USD,US,0.0075
MPG,Leverage Shares 2x Long MP Daily ETF,US88340C8423,88340C842,,,,2025-10-27 00:00:00,USD,US,0.0075
NBIG,Leverage Shares 2x Long NBIS Daily ETF,US88340C6773,88340C677,,,,2025-10-27 00:00:00,USD,US,0.0075
GEMG,Leverage Shares 2x Long GEMI Daily ETF,US88340C7359,88340C735,,,,2025-11-05 00:00:00,USD,US,0.0075
LULG,Leverage Shares 2x Long LULU Daily ETF,US88340C7276,88340C727,,,,2025-11-05 00:00:00,USD,US,0.0075
NUG,Leverage Shares 2x Long NU Daily ETF,US88340C8183,88340C818,,,,2025-11-17 00:00:00,USD,US,0.0075
NETG,Leverage Shares 2x Long NET Daily ETF,US88340C8266,88340C826,,,,2025-11-17 00:00:00,USD,US,0.0075
NEMG,Leverage Shares 2x Long NEM Daily ETF,US8829271894,882927189,,,,2025-11-17 00:00:00,USD,US,0.0075
OKTG,Leverage Shares 2x Long OKTA Daily ETF,US88340C7920,88340C792,,,,2025-11-17 00:00:00,USD,US,0.0075
TERG,Leverage Shares 2x Long TER Daily ETF,US88340C6930,88340C693,,,,2025-11-17 00:00:00,USD,US,0.0075
SPOG,Leverage Shares 2x Long SPOT Daily ETF,US88340C7508,88340C750,,,,2025-11-17 00:00:00,USD,US,0.0075
CIFG,Leverage Shares 2x Long CIFR Daily ETF,US88340F8370,88340F837,,,,2025-12-11 00:00:00,USD,US,0.0075
DUOG,Leverage Shares 2x Long DUOL Daily ETF,US88340F7380,88340F738,,,,2025-12-11 00:00:00,USD,US,0.0075
GRAG,Leverage Shares 2x Long GRAB Daily ETF,US88340F7463,88340F746,,,,2025-12-11 00:00:00,USD,US,0.0075
OPEG,Leverage Shares 2x Long OPEN Daily ETF,US88340F8453,88340F845,,,,2025-12-11 00:00:00,USD,US,0.0075
IREG,Leverage Shares 2x Long IREN Daily ETF,US88340F1003,88340F100,,,,2025-12-16 00:00:00,USD,US,0.0075
BEG,Leverage Shares 2x Long BE Daily ETF,US88340F2092,88340F209,,,,2025-12-16 00:00:00,USD,US,0.0075
GEVG,Leverage Shares 2x Long GEV Daily ETF,US88340F3082,88340F308,,,,2025-12-16 00:00:00,USD,US,0.0075
ECHX,2x Long ECHO Daily ETF,US88340F4072,88340F407,,,,2025-12-16 00:00:00,USD,US,0.0075
NIOG,Leverage Shares 2x Long NIO Daily ETF,US88340F5061,88340F506,,,,2025-12-18 00:00:00,USD,US,0.0075
SNAG,Leverage Shares 2x Long SNAP Daily ETF,US88340F6051,88340F605,,,,2025-12-18 00:00:00,USD,US,0.0075
BIDG,Leverage Shares 2x Long BIDU Daily ETF,US88340F7042,88340F704,,,,2025-12-18 00:00:00,USD,US,0.0075
KLAG,Leverage Shares 2x Long KLAC Daily ETF,US88340F7539,88340F753,,,,2025-12-18 00:00:00,USD,US,0.0075
PBRG,Leverage Shares 2x Long PBR Daily ETF,US88340F7125,88340F712,,,,2025-12-18 00:00:00,USD,US,0.0075
VALG,Leverage Shares 2x Long VALE Daily ETF,US88340F6960,88340F696,,,,2025-12-18 00:00:00,USD,US,0.0075
USGG,Leverage Shares 2X Long USAR Daily ETF,US88340W5094,88340W509,,,,2026-01-13 00:00:00,USD,US,0.0075
ONDG,Leverage Shares 2X Long ONDS Daily ETF,US88340W7983,88340W798,,,,2026-01-13 00:00:00,USD,US,0.0075
PLUL,Leverage Shares 2X Long PLUG Daily ETF,US88340W6407,88340W640,,,,2026-01-13 00:00:00,USD,US,0.0075
ALBG,Leverage Shares 2X Long ALB Daily ETF,US88340W8486,88340W848,,,,2026-01-13 00:00:00,USD,US,0.0075
HUTG,Leverage Shares 2X Long HUT Daily ETF,US88340W7801,88340W780,,,,2026-01-13 00:00:00,USD,US,0.0075
UUUG,Leverage Shares 2X Long UUUU Daily ETF,US88340W7074,88340W707,,,,2026-01-13 00:00:00,USD,US,0.0075
XPEG,Leverage Shares 2X Long XPEV Daily ETF,US88340W6167,88340W616,,,,2026-01-15 00:00:00,USD,US,0.0075
CRMU,Leverage Shares 2X Long CRML Daily ETF,US88340W3016,88340W301,,,,2026-02-10 00:00:00,USD,US,0.0075
UECG,Leverage Shares 2X Long UEC Daily ETF,US88340W7157,88340W715,,,,2026-02-10 00:00:00,USD,US,0.0075
FCXG,Leverage Shares 2x Long FCX Daily ETF,US88340W8221,88340W822,,,,2026-02-19 00:00:00,USD,US,0.0075
WLDU,Leverage Shares 2x Long World Daily ETF,US88340C4877,88340C487,,,,2026-03-10 00:00:00,USD,US,0.0075
GLWG,Leverage Shares 2x Long GLW Daily ETF,US88340W6811,88340W681,,,,2026-03-10 00:00:00,USD,US,0.0075
AAOG,Leverage Shares 2x Long AAOI Daily ETF,US88340C4125,88340C412,,,,2026-05-12 00:00:00,USD,US,0.0075
AMAU,Leverage Shares 2x Long AMAT Daily ETF,US88340C3960,88340C396,,,,2026-05-12 00:00:00,USD,US,0.0075
CATG,Leverage Shares 2x Long CAT Daily ETF,US88340C4380,88340C438,,,,2026-05-12 00:00:00,USD,US,0.0075
CIEG,Leverage Shares 2x Long CIEN Daily ETF,US88340C4463,88340C446,,,,2026-05-12 00:00:00,USD,US,0.0075
COHH,Leverage Shares 2x Long COHR Daily ETF,US88340C3622,88340C362,,,,2026-05-12 00:00:00,USD,US,0.0075
ETNG,Leverage Shares 2x Long ETN Daily ETF,US88340C3887,88340C388,,,,2026-05-12 00:00:00,USD,US,0.0075
HONG,Leverage Shares 2x Long HON Daily ETF,US88340C4208,88340C420,,,,2026-05-12 00:00:00,USD,US,0.0075
SNDG,Leverage Shares 2x Long SNDK Daily ETF,US88340C4539,88340C453,,,,2026-05-12 00:00:00,USD,US,0.0075
STXU,Leverage Shares 2x Long STX Daily ETF,US88340C4794,88340C479,,,,2026-05-12 00:00:00,USD,US,0.0075
CBRG,Leverage Shares 2x Long CBRS Daily ETF,US88340W4832,88340W483,,,,2026-05-15 00:00:00,USD,US,0.0075
NXPG,Leverage Shares 2x Long NXPI Daily ETF,US88340W3438,88340W343,,,,2026-06-02 00:00:00,USD,US,0.0075
ONG,Leverage Shares 2x Long ON Daily ETF,US88340W3503,88340W350,,,,2026-06-02 00:00:00,USD,US,0.0075
SPCH,Leverage Shares 2X Long SPCX Daily ETF,US88340W5250,88340W525,,,,2026-06-15 00:00:00,USD,US,0.0075
SSPC,Leverage Shares 2x Short SPCX ETF,US88340W5177,88340W517,,,,2026-06-15 00:00:00,USD,US,0.0075
ADIU,Leverage Shares 2x Long ADI Daily ETF,US88340W4188,88340W418,,,,2026-06-16 00:00:00,USD,US,0.0099
APHG,Leverage Shares 2x Long APH Daily ETF,US88340W4592,88340W459,,,,2026-06-16 00:00:00,USD,US,0.0099
AXTL,Leverage Shares 2x Long AXTI Daily ETF,US88340W4675,88340W467,,,,2026-06-16 00:00:00,USD,US,0.0099
FNG,Leverage Shares 2x Long FN Daily ETF,US88340W4345,88340W434,,,,2026-06-16 00:00:00,USD,US,0.0099
KEYG,Leverage Shares 2x Long KEYS Daily ETF,US88340W4261,88340W426,,,,2026-06-16 00:00:00,USD,US,0.0099
MCHG,Leverage Shares 2x Long MCHP Daily ETF,US88340W3925,88340W392,,,,2026-06-16 00:00:00,USD,US,0.0099
TELG,Leverage Shares 2x Long TEL Daily ETF,US88340W4428,88340W442,,,,2026-06-16 00:00:00,USD,US,0.0099
TSEG,Leverage Shares 2x Long TSEM Daily ETF,US88340W2851,88340W285,,,,2026-06-16 00:00:00,USD,US,0.0099
AEHG,Leverage Shares 2x Long AEHR Daily ETF,US88340C3135,88340C313,,,,2026-06-23 00:00:00,USD,US,0.0099
ASTG,Leverage Shares 2x Long ASTS Daily ETF,US88340W2695,88340W269,,,,2026-06-23 00:00:00,USD,US,0.0099
CDNG,Leverage Shares 2x Long CDNS Daily ETF,US88340W3354,88340W335,,,,2026-06-23 00:00:00,USD,US,0.0075
ENTL,Leverage Shares 2x Long ENTG Daily ETF,US88340W3198,88340W319,,,,2026-06-23 00:00:00,USD,US,0.0075
FOMG,Leverage Shares 2x Long FORM Daily ETF,US88340W3271,88340W327,,,,2026-06-23 00:00:00,USD,US,0.0075
FPSX,Leverage Shares 2x Long FPS Daily ETF,US88340W2935,88340W293,,,,2026-06-23 00:00:00,USD,US,0.0075
GFSG,Leverage Shares 2x Long GFS Daily ETF,US88340W2778,88340W277,,,,2026-06-23 00:00:00,USD,US,0.0099
HPEL,Leverage Shares 2x Long HPE Daily ETF,US88340W2513,88340W251,,,,2026-06-23 00:00:00,USD,US,0.0099
MTSG,Leverage Shares 2x Long MTSI Daily ETF,US88340W2448,88340W244,,,,2026-06-23 00:00:00,USD,US,0.0099
SMTG,Leverage Shares 2x Long SMTC Daily ETF,US88340W2364,88340W236,,,,2026-06-23 00:00:00,USD,US,0.0099
AAPE,Leverage Shares 2x Long AAPL Daily ETF,US8829276505,882927650,,,,2026-07-02 00:00:00,USD,US,0.0075
AMZG,Leverage Shares 2x Long AMZN Daily ETF,US8829273536,882927353,,,,2026-07-02 00:00:00,USD,US,0.0075
GOOL,Leverage Shares 2x Long GOOGL Daily ETF,US88340W2281,88340W228,,,,2026-07-02 00:00:00,USD,US,0.0099
METG,Leverage Shares 2x Long META Daily ETF,US8829276190,882927619,,,,2026-07-02 00:00:00,USD,US,0.0075
JBLG,Leverage Shares 2x Long JBL Daily ETF,US88340C2897,88340C289,,,,2026-07-02 00:00:00,USD,US,0.0099
VIAG,Leverage Shares 2x Long VIAV Daily ETF,US88340C2715,88340C271,,,,2026-07-02 00:00:00,USD,US,0.0099
SKHZ,Leverage Shares 1x Short SKHY Daily ETF,US88340C2558,88340C255,,,,2026-07-13 00:00:00,USD,US,0.0075
SKHX,Leverage Shares 2x Long SKHY Daily ETF,US88340C2632,88340C263,,,,2026-07-13 00:00:00,USD,US,0.0075
RAML,Leverage Shares 2x Long Memory Daily ETF,US88340F2829,88340F282,,,,2026-07-23 00:00:00,USD,US,0.0099
ELOL,Leverage Shares 100% TSLA + 100% SPCX Daily ETF,US88340F2746,88340F274,,,,2026-07-30 00:00:00,USD,US,0.0099
LITG,Leverage Shares 2x Long LITE Daily ETF,US88340G1085,88340G108,,,,2026-08-11 00:00:00,USD,US,0.0099
MXLL,Leverage Shares 2x Long MXL Daily ETF,US88340G4055,88340G405,,,,2026-08-11 00:00:00,USD,US,0.0099
STLL,Leverage Shares 2x Long STRL Daily ETF,US88340G2075,88340G207,,,,2026-08-11 00:00:00,USD,US,0.0099
FIXX,Leverage Shares 2x Long FIX Daily ETF,US88340G8015,88340G801,,,,2026-08-19 00:00:00,USD,US,0.0099
FLEL,Leverage Shares 2x Long FLEX Daily ETF,US88340G8841,88340G884,,,,2026-08-19 00:00:00,USD,US,0.0099
MUG,Leverage Shares 2x Long MU Daily ETF,US88340G7025,88340G702,,,,2026-08-19 00:00:00,USD,US,0.0099
STMX,Leverage Shares 2x Long STM Daily ETF,US88340G8502,88340G850,,,,2026-08-19 00:00:00,USD,US,0.0099
,,,,,,,,,,
,,,,,,,,,,
,,,,,,,,,,
,,,,,,,,,,
,,,,,,,,,,
,,,,,,,,,,
,,,,,,,,,,
,,,,,,,,,,
,,,,,,,,,,
,,,,,,,,,,
,,,,,,,,,,
,,,,,,,,,,
Website,https://leverageshares.com/us/,,,,,,,,,
